hour,mean,min,max,q25,q75,alpha,beta,avg_requests_per_hour,days_count
0,119302263.0,100084938.0,138519588.0,109693600.5,128910925.5,19.269990384282014,6191090.946122707,53970.5,2
1,115744396.5,110979807.0,120508986.0,113362101.75,118126691.25,295.06586821794247,392266.3003994366,52411.0,2
2,102769896.5,100059614.0,105480179.0,101414755.25,104125037.75,718.9070139925394,142952.97514104727,46663.0,2
3,102987041.5,98867524.0,107106559.0,100927282.75,105046800.25,312.49456249365136,329564.267224945,45157.5,2
4,88083064.5,84837900.0,91328229.0,86460482.25,89705646.75,368.3675817308475,239117.30800556444,38846.5,2
5,69792160.0,69384445.0,70199875.0,69588302.5,69996017.5,14651.088919750093,4763.6158910972235,30947.5,2
6,58585059.0,56893237.0,60276881.0,57739148.0,59430970.0,599.562430366675,97713.02542117436,24681.5,2
7,39552869.5,36714328.0,42391411.0,38133598.75,40972140.25,97.08128159691287,407420.14165228896,16848.5,2
8,33653233.0,33127102.0,34179364.0,33390167.5,33916298.5,2045.6710829529816,16450.950145621966,13024.5,2
9,29797873.0,28661176.0,30934570.0,29229524.5,30366221.5,343.5983791064061,86722.9731336193,11535.0,2
10,27824272.5,24190793.0,31457752.0,26007532.75,29641012.25,29.32055669605846,948968.0836701301,10857.5,2
11,35499164.5,33432234.0,37566095.0,34465699.25,36532629.75,147.4872643077606,240693.08402062533,14538.0,2
12,54248815.0,53363858.0,55133772.0,53806336.5,54691293.5,1878.9108683765182,28872.479218172783,23106.0,2
13,73109273.0,69172227.0,77046319.0,71140750.0,75077796.0,172.41456738935855,424031.8791329248,31412.0,2
14,91110534.0,79455561.0,102765507.0,85283047.5,96938020.5,30.5551658175183,2981837.3280685414,39010.0,2
15,97711619.5,88926042.0,106497197.0,93318830.75,102104408.25,61.847450118918665,1579881.1319160718,44944.5,2
16,105753025.5,99696256.0,111809795.0,102724640.75,108781410.25,152.431075518619,693776.0239517734,48391.0,2
17,113827681.0,101615212.0,126040150.0,107721446.5,119933915.5,43.436900889716746,2620529.5191063588,52530.5,2
18,131347846.0,121153233.0,141542459.0,126250539.5,136445152.5,82.99929937720647,1582517.5270825378,57996.5,2
19,134588710.0,120889760.0,148287660.0,127739235.0,141438185.0,48.26282112998135,2788662.304624214,59744.5,2
20,127552422.5,124328249.0,130776596.0,125940335.75,129164509.25,782.547338204995,162996.43008508522,59350.5,2
21,129450691.0,117359713.0,141541669.0,123405202.0,135496180.0,57.3133624688371,2258647.642081478,60067.0,2
22,122909045.0,119062516.0,126755574.0,120985780.5,124832309.5,510.50461289019654,240759.91067770481,58742.5,2
23,119514453.0,103192973.0,135835933.0,111353713.0,127675193.0,26.80968962576732,4457882.753149529,54944.0,2
