hour,mean,min,max,q25,q75,alpha,beta,avg_requests_per_hour
0,1221238.642857143,0.0,1238340.0,0.0,1566697.25,0.9292276965918106,2164649.084105516,2384.964285714286
1,839406.8928571428,0.0,708726.0,0.0,794239.0,0.5087244108664835,2887539.9550770414,1487.357142857143
2,657606.2142857143,0.0,769540.0,0.0,967843.5,1.2151981857953076,1010149.3026807152,1560.0714285714287
3,878085.6428571428,0.0,1521694.0,0.0,1634893.0,1.8318780170431603,1032416.6603997328,2610.285714285714
4,631054.8571428572,0.0,938358.0,0.0,991002.25,0.9279303173902673,1586823.1759842888,1535.9285714285713
5,457731.53571428574,0.0,459879.0,0.0,531553.75,1.0442774453159736,1022755.2599078078,1304.5
6,333235.64285714284,0.0,589240.0,0.0,658368.75,2.3478955458594766,361275.0930568652,945.1071428571429
7,209051.07142857142,0.0,283834.0,0.0,284612.75,1.7235591738487384,308739.0372630748,783.8214285714286
8,483702.78571428574,0.0,569256.0,0.0,580473.5,2.1323820156222455,635143.1357409873,1711.5714285714287
9,275366.71428571426,0.0,6910.0,0.0,10014.5,0.6300639264628893,1223727.8911180664,945.5714285714286
10,538817.5,0.0,553142.0,0.0,609972.5,0.6826556618252345,1227794.0438002716,1634.7857142857142
11,659061.25,0.0,559923.0,0.0,609300.5,0.5504471794762652,1972055.971095461,2261.714285714286
12,530792.3214285715,0.0,1002188.0,0.0,1010135.5,1.0823867891343055,762829.8430220328,1694.4285714285713
13,756839.2857142857,0.0,548974.0,0.0,575980.25,0.6180622619350707,1904833.2636740645,1857.142857142857
14,1380675.2142857143,0.0,994167.0,0.0,1137884.0,0.3546114361617981,6056536.199864868,2839.714285714286
15,1019622.3214285715,0.0,1675854.0,4963.5,1774499.0,0.705176284340325,1686896.4561291272,2943.0714285714284
16,851617.1071428572,0.0,1501035.0,226.5,1507218.25,0.9140923170971404,1242204.3758079282,2664.6785714285716
17,713439.0357142857,0.0,992923.0,0.0,992930.25,0.6412542456015596,1557595.3794473729,2072.0
18,993700.5357142857,0.0,1887948.0,453.0,1051931.75,0.48173048658767753,2750363.7085628016,2010.607142857143
19,997130.5714285715,0.0,920026.0,961.25,933886.75,0.38503040649132086,3296039.0954366857,1900.8214285714287
20,1138455.5357142857,0.0,1768360.0,978.5,1225702.75,0.4585367771112263,3159928.4537637904,2582.714285714286
21,974629.8928571428,0.0,1709887.0,0.0,1172230.0,0.8804406497433049,1631338.4492518408,2882.5714285714284
22,757257.3571428572,0.0,941945.0,0.0,984978.0,0.9571954212394653,1476759.1186722089,1951.5
23,1018114.3928571428,0.0,1063240.0,0.0,1131391.25,0.5344436328349037,2807366.4144982784,2092.3214285714284
