Unnamed: 0,Baseline,Proj2_AI1_shave_compare,Proj2_AI1_Shave5,Proj2_AI1_Shave10,Proj2_AI1_Shave20,Proj2_AI2_Shave5,Proj2_AI2_Shave10,Proj2_AI2_Shave20,Proj2_AI3_Shave5,Proj2_AI3_Shave10,Proj2_AI3_Shave20,Proj2_AI4_Shave5,Proj2_AI4_Shave10,Proj2_AI4_Shave20,Proj2_AI5_Shave5,Proj2_AI5_Shave10,Proj2_AI5_Shave20,Proj2_AI6_Shave5,Proj2_AI6_Shave10,Proj2_AI6_Shave20,Proj2_AI7_Shave5,Proj2_AI7_Shave10,Proj2_AI7_Shave20,Proj2_AI8_Shave5,Proj2_AI8_Shave10,Proj2_AI8_Shave20,Proj2_AI9_Shave5,Proj2_AI9_Shave10,Proj2_AI9_Shave20,Proj2_Wind25_AI1_Shave5,Proj2_Wind50_AI1_Shave5,Proj2_Solar25_AI1_Shave5,Proj2_Solar50_AI1_Shave5,Proj2_Wind25_Solar25_AI1_Shave5,Proj2_Wind25_Nuclear10_AI1_Shave5,Proj2_Solar25_Nuclear10_AI1_Shave5,Proj2_Nuclear10_AI1_Shave5,Proj2_Nuclear30_AI1_Shave5,Proj2_Wind25_AI1_Shave10,Proj2_Wind50_AI1_Shave10,Proj2_Solar25_AI1_Shave10,Proj2_Solar50_AI1_Shave10,Proj2_Wind25_Solar25_AI1_Shave10,Proj2_Wind25_Nuclear10_AI1_Shave10,Proj2_Solar25_Nuclear10_AI1_Shave10,Proj2_Nuclear10_AI1_Shave10,Proj2_Nuclear30_AI1_Shave10,Proj2_Wind25_AI1_Shave20,Proj2_Wind50_AI1_Shave20,Proj2_Solar25_AI1_Shave20,Proj2_Solar50_AI1_Shave20,Proj2_Wind25_Solar25_AI1_Shave20,Proj2_Wind25_Nuclear10_AI1_Shave20,Proj2_Solar25_Nuclear10_AI1_Shave20,Proj2_Nuclear10_AI1_Shave20,Proj2_Nuclear30_AI1_Shave20,Proj1_AI1,Proj1_AI2,Proj1_AI3,Proj1_AI4,Proj1_AI5,Proj1_AI6,Proj1_AI7,Proj1_AI8,Proj1_AI9,Proj2_AI1,Proj2_AI2,Proj2_AI3,Proj2_AI4,Proj2_AI5,Proj2_AI6,Proj2_AI7,Proj2_AI8,Proj2_AI9,Proj3_AI1,Proj3_AI2,Proj3_AI3,Proj3_AI4,Proj3_AI5,Proj3_AI6,Proj3_AI7,Proj3_AI8,Proj3_AI9,Proj2_Wind25_AI1,Proj2_Wind50_AI1,Proj2_Solar25_AI1,Proj2_Solar50_AI1,Proj2_Wind25_Solar25_AI1,Proj2_Wind25_Nuclear10_AI1,Proj2_Solar25_Nuclear10_AI1,Proj2_Nuclear10_AI1,Proj2_Nuclear30_AI1,Proj2_Wind25_AI2,Proj2_Wind50_AI2,Proj2_Solar25_AI2,Proj2_Solar50_AI2,Proj2_Wind25_Solar25_AI2,Proj2_Wind25_Nuclear10_AI2,Proj2_Solar25_Nuclear10_AI2,Proj2_Nuclear10_AI2,Proj2_Nuclear30_AI2,Proj2_Wind25_AI3,Proj2_Wind50_AI3,Proj2_Solar25_AI3,Proj2_Solar50_AI3,Proj2_Wind25_Solar25_AI3,Proj2_Wind25_Nuclear10_AI3,Proj2_Solar25_Nuclear10_AI3,Proj2_Nuclear10_AI3,Proj2_Nuclear30_AI3,Proj2_Wind25_AI4,Proj2_Wind50_AI4,Proj2_Solar25_AI4,Proj2_Solar50_AI4,Proj2_Wind25_Solar25_AI4,Proj2_Wind25_Nuclear10_AI4,Proj2_Solar25_Nuclear10_AI4,Proj2_Nuclear10_AI4,Proj2_Nuclear30_AI4,Proj2_Wind25_AI5,Proj2_Wind50_AI5,Proj2_Solar25_AI5,Proj2_Solar50_AI5,Proj2_Wind25_Solar25_AI5,Proj2_Wind25_Nuclear10_AI5,Proj2_Solar25_Nuclear10_AI5,Proj2_Nuclear10_AI5,Proj2_Nuclear30_AI5,Proj2_Wind25_AI6,Proj2_Wind50_AI6,Proj2_Solar25_AI6,Proj2_Solar50_AI6,Proj2_Wind25_Solar25_AI6,Proj2_Wind25_Nuclear10_AI6,Proj2_Solar25_Nuclear10_AI6,Proj2_Nuclear10_AI6,Proj2_Nuclear30_AI6,Proj2_Wind25_AI7,Proj2_Wind50_AI7,Proj2_Solar25_AI7,Proj2_Solar50_AI7,Proj2_Wind25_Solar25_AI7,Proj2_Wind25_Nuclear10_AI7,Proj2_Solar25_Nuclear10_AI7,Proj2_Nuclear10_AI7,Proj2_Nuclear30_AI7,Proj2_Wind25_AI8,Proj2_Wind50_AI8,Proj2_Solar25_AI8,Proj2_Solar50_AI8,Proj2_Wind25_Solar25_AI8,Proj2_Wind25_Nuclear10_AI8,Proj2_Solar25_Nuclear10_AI8,Proj2_Nuclear10_AI8,Proj2_Nuclear30_AI8,Proj2_Wind25_AI9,Proj2_Wind50_AI9,Proj2_Solar25_AI9,Proj2_Solar50_AI9,Proj2_Wind25_Solar25_AI9,Proj2_Wind25_Nuclear10_AI9,Proj2_Solar25_Nuclear10_AI9,Proj2_Nuclear10_AI9,Proj2_Nuclear30_AI9,Proj1_Wind25_AI3,Proj1_Wind50_AI3,Proj1_Solar25_AI3,Proj1_Solar50_AI3,Proj1_Wind25_Solar25_AI3,Proj1_Wind25_Nuclear10_AI3,Proj1_Solar25_Nuclear10_AI3,Proj1_Nuclear10_AI3,Proj1_Nuclear30_AI3,Proj1_Wind25_AI5,Proj1_Wind50_AI5,Proj1_Solar25_AI5,Proj1_Solar50_AI5,Proj1_Wind25_Solar25_AI5,Proj1_Wind25_Nuclear10_AI5,Proj1_Solar25_Nuclear10_AI5,Proj1_Nuclear10_AI5,Proj1_Nuclear30_AI5,Proj1_Wind25_AI4,Proj1_Wind50_AI4,Proj1_Solar25_AI4,Proj1_Solar50_AI4,Proj1_Wind25_Solar25_AI4,Proj1_Wind25_Nuclear10_AI4,Proj1_Solar25_Nuclear10_AI4,Proj1_Nuclear10_AI4,Proj1_Nuclear30_AI4,Proj1_Wind25_AI6,Proj1_Wind50_AI6,Proj1_Solar25_AI6,Proj1_Solar50_AI6,Proj1_Wind25_Solar25_AI6,Proj1_Wind25_Nuclear10_AI6,Proj1_Solar25_Nuclear10_AI6,Proj1_Nuclear10_AI6,Proj1_Nuclear30_AI6,Proj3_Wind25_AI3,Proj3_Wind50_AI3,Proj3_Solar25_AI3,Proj3_Solar50_AI3,Proj3_Wind25_Solar25_AI3,Proj3_Wind25_Nuclear10_AI3,Proj3_Solar25_Nuclear10_AI3,Proj3_Nuclear10_AI3,Proj3_Nuclear30_AI3,Proj3_Wind25_AI6,Proj3_Wind50_AI6,Proj3_Solar25_AI6,Proj3_Solar50_AI6,Proj3_Wind25_Solar25_AI6,Proj3_Wind25_Nuclear10_AI6,Proj3_Solar25_Nuclear10_AI6,Proj3_Nuclear10_AI6,Proj3_Nuclear30_AI6,Proj3_Wind25_AI1,Proj3_Wind50_AI1,Proj3_Solar25_AI1,Proj3_Solar50_AI1,Proj3_Wind25_Solar25_AI1,Proj3_Wind25_Nuclear10_AI1,Proj3_Solar25_Nuclear10_AI1,Proj3_Nuclear10_AI1,Proj3_Nuclear30_AI1
ignore,0,0,0,0,0,0,0,0,0,0,0,0,0,0,0,0,0,0,0,0,0,0,0,0,0,0,0,0,0,0,0,0,0,0,0,0,0,0,0,0,0,0,0,0,0,0,0,0,0,0,0,0,0,0,0,0,0,0,0,0,0,0,0,0,0,0,0,0,0,0,0,0,0,0,0,0,0,0,0,0,0,0,0,0,0,0,0,0,0,0,0,0,0,0,0,0,0,0,0,0,0,0,0,0,0,0,0,0,0,0,0,0,0,0,0,0,0,0,0,0,0,0,0,0,0,0,0,0,0,0,0,0,0,0,0,0,0,0,0,0,0,0,0,0,0,0,0,0,0,0,0,0,0,0,0,0,0,0,0,0,0,0,0,0,0,0,0,0,0,0,0,0,0,0,0,0,0,0,0,0,0,0,0,0,0,0,0,0,0,0,0,0,0,0,0,0,0,0,0,0,0,0,0,0,0,0,0,0,0,0,0,0,0,0,0,0,0,0,0,0,0,0,0,0,0,0,0
GSw_OpRes,0,0,0,0,0,0,0,0,0,0,0,0,0,0,0,0,0,0,0,0,0,0,0,0,0,0,0,0,0,0,0,0,0,0,0,0,0,0,0,0,0,0,0,0,0,0,0,0,0,0,0,0,0,0,0,0,0,0,0,0,0,0,0,0,0,0,0,0,0,0,0,0,0,0,0,0,0,0,0,0,0,0,0,0,0,0,0,0,0,0,0,0,0,0,0,0,0,0,0,0,0,0,0,0,0,0,0,0,0,0,0,0,0,0,0,0,0,0,0,0,0,0,0,0,0,0,0,0,0,0,0,0,0,0,0,0,0,0,0,0,0,0,0,0,0,0,0,0,0,0,0,0,0,0,0,0,0,0,0,0,0,0,0,0,0,0,0,0,0,0,0,0,0,0,0,0,0,0,0,0,0,0,0,0,0,0,0,0,0,0,0,0,0,0,0,0,0,0,0,0,0,0,0,0,0,0,0,0,0,0,0,0,0,0,0,0,0,0,0,0,0,0,0,0,0,0,0
GSw_StartCost,,,,,,,,,,,,,,,,,,,,,,,,,,,,,,,,,,,,,,,,,,,,,,,,,,,,,,,,,,,,,,,,,,,,,,,,,,,,,,,,,,,,,,,,,,,,,,,,,,,,,,,,,,,,,,,,,,,,,,,,,,,,,,,,,,,,,,,,,,,,,,,,,,,,,,,,,,,,,,,,,,,,,,,,,,,,,,,,,,,,,,,,,,,,,,,,,,,,,,,,,,,,,,,,,,,,,,,,,,,,,,,,,,,
GSw_RegionResolution,aggreg,aggreg,aggreg,aggreg,aggreg,aggreg,aggreg,aggreg,aggreg,aggreg,aggreg,aggreg,aggreg,aggreg,aggreg,aggreg,aggreg,aggreg,aggreg,aggreg,aggreg,aggreg,aggreg,aggreg,aggreg,aggreg,aggreg,aggreg,aggreg,aggreg,aggreg,aggreg,aggreg,aggreg,aggreg,aggreg,aggreg,aggreg,aggreg,aggreg,aggreg,aggreg,aggreg,aggreg,aggreg,aggreg,aggreg,aggreg,aggreg,aggreg,aggreg,aggreg,aggreg,aggreg,aggreg,aggreg,aggreg,aggreg,aggreg,aggreg,aggreg,aggreg,aggreg,aggreg,aggreg,aggreg,aggreg,aggreg,aggreg,aggreg,aggreg,aggreg,aggreg,aggreg,aggreg,aggreg,aggreg,aggreg,aggreg,aggreg,aggreg,aggreg,aggreg,aggreg,aggreg,aggreg,aggreg,aggreg,aggreg,aggreg,aggreg,aggreg,aggreg,aggreg,aggreg,aggreg,aggreg,aggreg,aggreg,aggreg,aggreg,aggreg,aggreg,aggreg,aggreg,aggreg,aggreg,aggreg,aggreg,aggreg,aggreg,aggreg,aggreg,aggreg,aggreg,aggreg,aggreg,aggreg,aggreg,aggreg,aggreg,aggreg,aggreg,aggreg,aggreg,aggreg,aggreg,aggreg,aggreg,aggreg,aggreg,aggreg,aggreg,aggreg,aggreg,aggreg,aggreg,aggreg,aggreg,aggreg,aggreg,aggreg,aggreg,aggreg,aggreg,aggreg,aggreg,aggreg,aggreg,aggreg,aggreg,aggreg,aggreg,aggreg,aggreg,aggreg,aggreg,aggreg,aggreg,aggreg,aggreg,aggreg,aggreg,aggreg,aggreg,aggreg,aggreg,aggreg,aggreg,aggreg,aggreg,aggreg,aggreg,aggreg,aggreg,aggreg,aggreg,aggreg,aggreg,aggreg,aggreg,aggreg,aggreg,aggreg,aggreg,aggreg,aggreg,aggreg,aggreg,aggreg,aggreg,aggreg,aggreg,aggreg,aggreg,aggreg,aggreg,aggreg,aggreg,aggreg,aggreg,aggreg,aggreg,aggreg,aggreg,aggreg,aggreg,aggreg,aggreg,aggreg,aggreg,aggreg,aggreg,aggreg,aggreg,aggreg,aggreg,aggreg,aggreg,aggreg,aggreg,aggreg,aggreg,aggreg,aggreg,aggreg,aggreg
GSw_HierarchyFile,,,,,,,,,,,,,,,,,,,,,,,,,,,,,,,,,,,,,,,,,,,,,,,,,,,,,,,,,,,,,,,,,,,,,,,,,,,,,,,,,,,,,,,,,,,,,,,,,,,,,,,,,,,,,,,,,,,,,,,,,,,,,,,,,,,,,,,,,,,,,,,,,,,,,,,,,,,,,,,,,,,,,,,,,,,,,,,,,,,,,,,,,,,,,,,,,,,,,,,,,,,,,,,,,,,,,,,,,,,,,,,,,,,
GSw_TransSquiggliness,1.07,1.07,1.07,1.07,1.07,1.07,1.07,1.07,1.07,1.07,1.07,1.07,1.07,1.07,1.07,1.07,1.07,1.07,1.07,1.07,1.07,1.07,1.07,1.07,1.07,1.07,1.07,1.07,1.07,1.07,1.07,1.07,1.07,1.07,1.07,1.07,1.07,1.07,1.07,1.07,1.07,1.07,1.07,1.07,1.07,1.07,1.07,1.07,1.07,1.07,1.07,1.07,1.07,1.07,1.07,1.07,1.07,1.07,1.07,1.07,1.07,1.07,1.07,1.07,1.07,1.07,1.07,1.07,1.07,1.07,1.07,1.07,1.07,1.07,1.07,1.07,1.07,1.07,1.07,1.07,1.07,1.07,1.07,1.07,1.07,1.07,1.07,1.07,1.07,1.07,1.07,1.07,1.07,1.07,1.07,1.07,1.07,1.07,1.07,1.07,1.07,1.07,1.07,1.07,1.07,1.07,1.07,1.07,1.07,1.07,1.07,1.07,1.07,1.07,1.07,1.07,1.07,1.07,1.07,1.07,1.07,1.07,1.07,1.07,1.07,1.07,1.07,1.07,1.07,1.07,1.07,1.07,1.07,1.07,1.07,1.07,1.07,1.07,1.07,1.07,1.07,1.07,1.07,1.07,1.07,1.07,1.07,1.07,1.07,1.07,1.07,1.07,1.07,1.07,1.07,1.07,1.07,1.07,1.07,1.07,1.07,1.07,1.07,1.07,1.07,1.07,1.07,1.07,1.07,1.07,1.07,1.07,1.07,1.07,1.07,1.07,1.07,1.07,1.07,1.07,1.07,1.07,1.07,1.07,1.07,1.07,1.07,1.07,1.07,1.07,1.07,1.07,1.07,1.07,1.07,1.07,1.07,1.07,1.07,1.07,1.07,1.07,1.07,1.07,1.07,1.07,1.07,1.07,1.07,1.07,1.07,1.07,1.07,1.07,1.07,1.07,1.07,1.07,1.07,1.07,1.07,1.07,1.07,1.07,1.07,1.07,1.07
GSw_HourlyNumClusters,20,20,20,20,20,20,20,20,20,20,20,20,20,20,20,20,20,20,20,20,20,20,20,20,20,20,20,20,20,20,20,20,20,20,20,20,20,20,20,20,20,20,20,20,20,20,20,20,20,20,20,20,20,20,20,20,20,20,20,20,20,20,20,20,20,20,20,20,20,20,20,20,20,20,20,20,20,20,20,20,20,20,20,20,20,20,20,20,20,20,20,20,20,20,20,20,20,20,20,20,20,20,20,20,20,20,20,20,20,20,20,20,20,20,20,20,20,20,20,20,20,20,20,20,20,20,20,20,20,20,20,20,20,20,20,20,20,20,20,20,20,20,20,20,20,20,20,20,20,20,20,20,20,20,20,20,20,20,20,20,20,20,20,20,20,20,20,20,20,20,20,20,20,20,20,20,20,20,20,20,20,20,20,20,20,20,20,20,20,20,20,20,20,20,20,20,20,20,20,20,20,20,20,20,20,20,20,20,20,20,20,20,20,20,20,20,20,20,20,20,20,20,20,20,20,20,20
GSw_LfillGas,,,,,,,,,,,,,,,,,,,,,,,,,,,,,,,,,,,,,,,,,,,,,,,,,,,,,,,,,,,,,,,,,,,,,,,,,,,,,,,,,,,,,,,,,,,,,,,,,,,,,,,,,,,,,,,,,,,,,,,,,,,,,,,,,,,,,,,,,,,,,,,,,,,,,,,,,,,,,,,,,,,,,,,,,,,,,,,,,,,,,,,,,,,,,,,,,,,,,,,,,,,,,,,,,,,,,,,,,,,,,,,,,,,
GSw_CSP,,,,,,,,,,,,,,,,,,,,,,,,,,,,,,,,,,,,,,,,,,,,,,,,,,,,,,,,,,,,,,,,,,,,,,,,,,,,,,,,,,,,,,,,,,,,,,,,,,,,,,,,,,,,,,,,,,,,,,,,,,,,,,,,,,,,,,,,,,,,,,,,,,,,,,,,,,,,,,,,,,,,,,,,,,,,,,,,,,,,,,,,,,,,,,,,,,,,,,,,,,,,,,,,,,,,,,,,,,,,,,,,,,,
GSw_Geothermal,,,,,,,,,,,,,,,,,,,,,,,,,,,,,,,,,,,,,,,,,,,,,,,,,,,,,,,,,,,,,,,,,,,,,,,,,,,,,,,,,,,,,,,,,,,,,,,,,,,,,,,,,,,,,,,,,,,,,,,,,,,,,,,,,,,,,,,,,,,,,,,,,,,,,,,,,,,,,,,,,,,,,,,,,,,,,,,,,,,,,,,,,,,,,,,,,,,,,,,,,,,,,,,,,,,,,,,,,,,,,,,,,,,
GSw_Biopower,,,,,,,,,,,,,,,,,,,,,,,,,,,,,,,,,,,,,,,,,,,,,,,,,,,,,,,,,,,,,,,,,,,,,,,,,,,,,,,,,,,,,,,,,,,,,,,,,,,,,,,,,,,,,,,,,,,,,,,,,,,,,,,,,,,,,,,,,,,,,,,,,,,,,,,,,,,,,,,,,,,,,,,,,,,,,,,,,,,,,,,,,,,,,,,,,,,,,,,,,,,,,,,,,,,,,,,,,,,,,,,,,,,
GSw_Nuclear,,,,,,,,,,,,,,,,,,,,,,,,,,,,,,,,,,,,,,,,,,,,,,,,,,,,,,,,,,,,,,,,,,,,,,,,,,,,,,,,,,,,,,,,,,,,,,,,,,,,,,,,,,,,,,,,,,,,,,,,,,,,,,,,,,,,,,,,,,,,,,,,,,,,,,,,,,,,,,,,,,,,,,,,,,,,,,,,,,,,,,,,,,,,,,,,,,,,,,,,,,,,,,,,,,,,,,,,,,,,,,,,,,,
yearset_suffix,5yr,5yr,5yr,5yr,5yr,5yr,5yr,5yr,5yr,5yr,5yr,5yr,5yr,5yr,5yr,5yr,5yr,5yr,5yr,5yr,5yr,5yr,5yr,5yr,5yr,5yr,5yr,5yr,5yr,5yr,5yr,5yr,5yr,5yr,5yr,5yr,5yr,5yr,5yr,5yr,5yr,5yr,5yr,5yr,5yr,5yr,5yr,5yr,5yr,5yr,5yr,5yr,5yr,5yr,5yr,5yr,5yr,5yr,5yr,5yr,5yr,5yr,5yr,5yr,5yr,5yr,5yr,5yr,5yr,5yr,5yr,5yr,5yr,5yr,5yr,5yr,5yr,5yr,5yr,5yr,5yr,5yr,5yr,5yr,5yr,5yr,5yr,5yr,5yr,5yr,5yr,5yr,5yr,5yr,5yr,5yr,5yr,5yr,5yr,5yr,5yr,5yr,5yr,5yr,5yr,5yr,5yr,5yr,5yr,5yr,5yr,5yr,5yr,5yr,5yr,5yr,5yr,5yr,5yr,5yr,5yr,5yr,5yr,5yr,5yr,5yr,5yr,5yr,5yr,5yr,5yr,5yr,5yr,5yr,5yr,5yr,5yr,5yr,5yr,5yr,5yr,5yr,5yr,5yr,5yr,5yr,5yr,5yr,5yr,5yr,5yr,5yr,5yr,5yr,5yr,5yr,5yr,5yr,5yr,5yr,5yr,5yr,5yr,5yr,5yr,5yr,5yr,5yr,5yr,5yr,5yr,5yr,5yr,5yr,5yr,5yr,5yr,5yr,5yr,5yr,5yr,5yr,5yr,5yr,5yr,5yr,5yr,5yr,5yr,5yr,5yr,5yr,5yr,5yr,5yr,5yr,5yr,5yr,5yr,5yr,5yr,5yr,5yr,5yr,5yr,5yr,5yr,5yr,5yr,5yr,5yr,5yr,5yr,5yr,5yr,5yr,5yr,5yr,5yr,5yr,5yr,5yr,5yr,5yr,5yr,5yr,5yr
capcredit_hierarchy_level,r,r,r,r,r,r,r,r,r,r,r,r,r,r,r,r,r,r,r,r,r,r,r,r,r,r,r,r,r,r,r,r,r,r,r,r,r,r,r,r,r,r,r,r,r,r,r,r,r,r,r,r,r,r,r,r,r,r,r,r,r,r,r,r,r,r,r,r,r,r,r,r,r,r,r,r,r,r,r,r,r,r,r,r,r,r,r,r,r,r,r,r,r,r,r,r,r,r,r,r,r,r,r,r,r,r,r,r,r,r,r,r,r,r,r,r,r,r,r,r,r,r,r,r,r,r,r,r,r,r,r,r,r,r,r,r,r,r,r,r,r,r,r,r,r,r,r,r,r,r,r,r,r,r,r,r,r,r,r,r,r,r,r,r,r,r,r,r,r,r,r,r,r,r,r,r,r,r,r,r,r,r,r,r,r,r,r,r,r,r,r,r,r,r,r,r,r,r,r,r,r,r,r,r,r,r,r,r,r,r,r,r,r,r,r,r,r,r,r,r,r,r,r,r,r,r,r
GSw_WaterMain,1,1,1,1,1,1,1,1,1,1,1,1,1,1,1,1,1,1,1,1,1,1,1,1,1,1,1,1,1,1,1,1,1,1,1,1,1,1,1,1,1,1,1,1,1,1,1,1,1,1,1,1,1,1,1,1,1,1,1,1,1,1,1,1,1,1,1,1,1,1,1,1,1,1,1,1,1,1,1,1,1,1,1,1,1,1,1,1,1,1,1,1,1,1,1,1,1,1,1,1,1,1,1,1,1,1,1,1,1,1,1,1,1,1,1,1,1,1,1,1,1,1,1,1,1,1,1,1,1,1,1,1,1,1,1,1,1,1,1,1,1,1,1,1,1,1,1,1,1,1,1,1,1,1,1,1,1,1,1,1,1,1,1,1,1,1,1,1,1,1,1,1,1,1,1,1,1,1,1,1,1,1,1,1,1,1,1,1,1,1,1,1,1,1,1,1,1,1,1,1,1,1,1,1,1,1,1,1,1,1,1,1,1,1,1,1,1,1,1,1,1,1,1,1,1,1,1
endyear,2035,2035,2035,2035,2035,2035,2035,2035,2035,2035,2035,2035,2035,2035,2035,2035,2035,2035,2035,2035,2035,2035,2035,2035,2035,2035,2035,2035,2035,2035,2035,2035,2035,2035,2035,2035,2035,2035,2035,2035,2035,2035,2035,2035,2035,2035,2035,2035,2035,2035,2035,2035,2035,2035,2035,2035,2035,2035,2035,2035,2035,2035,2035,2035,2035,2035,2035,2035,2035,2035,2035,2035,2035,2035,2035,2035,2035,2035,2035,2035,2035,2035,2035,2035,2035,2035,2035,2035,2035,2035,2035,2035,2035,2035,2035,2035,2035,2035,2035,2035,2035,2035,2035,2035,2035,2035,2035,2035,2035,2035,2035,2035,2035,2035,2035,2035,2035,2035,2035,2035,2035,2035,2035,2035,2035,2035,2035,2035,2035,2035,2035,2035,2035,2035,2035,2035,2035,2035,2035,2035,2035,2035,2035,2035,2035,2035,2035,2035,2035,2035,2035,2035,2035,2035,2035,2035,2035,2035,2035,2035,2035,2035,2035,2035,2035,2035,2035,2035,2035,2035,2035,2035,2035,2035,2035,2035,2035,2035,2035,2035,2035,2035,2035,2035,2035,2035,2035,2035,2035,2035,2035,2035,2035,2035,2035,2035,2035,2035,2035,2035,2035,2035,2035,2035,2035,2035,2035,2035,2035,2035,2035,2035,2035,2035,2035,2035,2035,2035,2035,2035,2035,2035,2035,2035,2035,2035,2035
distpvscen,,,,,,,,,,,,,,,,,,,,,,,,,,,,,,,,,,,,,,,,,,,,,,,,,,,,,,,,,,,,,,,,,,,,,,,,,,,,,,,,,,,,,,,,,,,,,,,,,,,,,,,,,,,,,,,,,,,,,,,,,,,,,,,,,,,,,,,,,,,,,,,,,,,,,,,,,,,,,,,,,,,,,,,,,,,,,,,,,,,,,,,,,,,,,,,,,,,,,,,,,,,,,,,,,,,,,,,,,,,,,,,,,,,
batteryscen,,,,,,,,,,,,,,,,,,,,,,,,,,,,,,,,,,,,,,,,,,,,,,,,,,,,,,,,,,,,,,,,,,,,,,,,,,,,,,,,,,,,,,,,,,,,,,,,,,,,,,,,,,,,,,,,,,,,,,,,,,,,,,,,,,,,,,,,,,,,,,,,,,,,,,,,,,,,,,,,,,,,,,,,,,,,,,,,,,,,,,,,,,,,,,,,,,,,,,,,,,,,,,,,,,,,,,,,,,,,,,,,,,,
convscen,,,,,,,,,,,,,,,,,,,,,,,,,,,,,,,,,,,,,,,,,,,,,,,,,,,,,,,,,,,,,,,,,,,,,,,,,,,,,,,,,,,,,,,,,,,,,,,,,,,,,,,,,,,,,,,,,,,,,,,,,,,,,,,,,,,,,,,,,,,,,,,,,,,,,,,,,,,,,,,,,,,,,,,,,,,,,,,,,,,,,,,,,,,,,,,,,,,,,,,,,,,,,,,,,,,,,,,,,,,,,,,,,,,
cspscen,,,,,,,,,,,,,,,,,,,,,,,,,,,,,,,,,,,,,,,,,,,,,,,,,,,,,,,,,,,,,,,,,,,,,,,,,,,,,,,,,,,,,,,,,,,,,,,,,,,,,,,,,,,,,,,,,,,,,,,,,,,,,,,,,,,,,,,,,,,,,,,,,,,,,,,,,,,,,,,,,,,,,,,,,,,,,,,,,,,,,,,,,,,,,,,,,,,,,,,,,,,,,,,,,,,,,,,,,,,,,,,,,,,
geoscen,,,,,,,,,,,,,,,,,,,,,,,,,,,,,,,,,,,,,,,,,,,,,,,,,,,,,,,,,,,,,,,,,,,,,,,,,,,,,,,,,,,,,,,,,,,,,,,,,,,,,,,,,,,,,,,,,,,,,,,,,,,,,,,,,,,,,,,,,,,,,,,,,,,,,,,,,,,,,,,,,,,,,,,,,,,,,,,,,,,,,,,,,,,,,,,,,,,,,,,,,,,,,,,,,,,,,,,,,,,,,,,,,,,
upvscen,,,,,,,,,,,,,,,,,,,,,,,,,,,,,,,,,,,,,,,,,,,,,,,,,,,,,,,,,,,,,,,,,,,,,,,,,,,,,,,,,,,,,,,,,,,,,,,,,,,,,,,,,,,,,,,,,,,,,,,,,,,,,,,,,,,,,,,,,,,,,,,,,,,,,,,,,,,,,,,,,,,,,,,,,,,,,,,,,,,,,,,,,,,,,,,,,,,,,,,,,,,,,,,,,,,,,,,,,,,,,,,,,,,
onswindscen,,,,,,,,,,,,,,,,,,,,,,,,,,,,,,,,,,,,,,,,,,,,,,,,,,,,,,,,,,,,,,,,,,,,,,,,,,,,,,,,,,,,,,,,,,,,,,,,,,,,,,,,,,,,,,,,,,,,,,,,,,,,,,,,,,,,,,,,,,,,,,,,,,,,,,,,,,,,,,,,,,,,,,,,,,,,,,,,,,,,,,,,,,,,,,,,,,,,,,,,,,,,,,,,,,,,,,,,,,,,,,,,,,,
ofswindscen,,,,,,,,,,,,,,,,,,,,,,,,,,,,,,,,,,,,,,,,,,,,,,,,,,,,,,,,,,,,,,,,,,,,,,,,,,,,,,,,,,,,,,,,,,,,,,,,,,,,,,,,,,,,,,,,,,,,,,,,,,,,,,,,,,,,,,,,,,,,,,,,,,,,,,,,,,,,,,,,,,,,,,,,,,,,,,,,,,,,,,,,,,,,,,,,,,,,,,,,,,,,,,,,,,,,,,,,,,,,,,,,,,,
GSw_EFS1_AllYearLoad,,EER_IRAlow_AI1_proj2,EER_IRAlow_AI1_proj2_train_shave5,EER_IRAlow_AI1_proj2_train_shave10,EER_IRAlow_AI1_proj2_train_shave20,EER_IRAlow_AI2_proj2_train_shave5,EER_IRAlow_AI2_proj2_train_shave10,EER_IRAlow_AI2_proj2_train_shave20,EER_IRAlow_AI3_proj2_train_shave5,EER_IRAlow_AI3_proj2_train_shave10,EER_IRAlow_AI3_proj2_train_shave20,EER_IRAlow_AI4_proj2_train_shave5,EER_IRAlow_AI4_proj2_train_shave10,EER_IRAlow_AI4_proj2_train_shave20,EER_IRAlow_AI5_proj2_train_shave5,EER_IRAlow_AI5_proj2_train_shave10,EER_IRAlow_AI5_proj2_train_shave20,EER_IRAlow_AI6_proj2_train_shave5,EER_IRAlow_AI6_proj2_train_shave10,EER_IRAlow_AI6_proj2_train_shave20,EER_IRAlow_AI7_proj2_train_shave5,EER_IRAlow_AI7_proj2_train_shave10,EER_IRAlow_AI7_proj2_train_shave20,EER_IRAlow_AI8_proj2_train_shave5,EER_IRAlow_AI8_proj2_train_shave10,EER_IRAlow_AI8_proj2_train_shave20,EER_IRAlow_AI9_proj2_train_shave5,EER_IRAlow_AI9_proj2_train_shave10,EER_IRAlow_AI9_proj2_train_shave20,EER_IRAlow_AI1_Wind25_Shave05_proj2,EER_IRAlow_AI1_Wind50_Shave05_proj2,EER_IRAlow_AI1_Solar25_Shave05_proj2,EER_IRAlow_AI1_Solar50_Shave05_proj2,EER_IRAlow_AI1_Wind25_Solar25_Shave05_proj2,EER_IRAlow_AI1_Wind25_Nuclear10_Shave05_proj2,EER_IRAlow_AI1_Solar25_Nuclear10_Shave05_proj2,EER_IRAlow_AI1_Nuclear10_Shave05_proj2,EER_IRAlow_AI1_Nuclear30_Shave05_proj2,EER_IRAlow_AI1_Wind25_Shave10_proj2,EER_IRAlow_AI1_Wind50_Shave10_proj2,EER_IRAlow_AI1_Solar25_Shave10_proj2,EER_IRAlow_AI1_Solar50_Shave10_proj2,EER_IRAlow_AI1_Wind25_Solar25_Shave10_proj2,EER_IRAlow_AI1_Wind25_Nuclear10_Shave10_proj2,EER_IRAlow_AI1_Solar25_Nuclear10_Shave10_proj2,EER_IRAlow_AI1_Nuclear10_Shave10_proj2,EER_IRAlow_AI1_Nuclear30_Shave10_proj2,EER_IRAlow_AI1_Wind25_Shave20_proj2,EER_IRAlow_AI1_Wind50_Shave20_proj2,EER_IRAlow_AI1_Solar25_Shave20_proj2,EER_IRAlow_AI1_Solar50_Shave20_proj2,EER_IRAlow_AI1_Wind25_Solar25_Shave20_proj2,EER_IRAlow_AI1_Wind25_Nuclear10_Shave20_proj2,EER_IRAlow_AI1_Solar25_Nuclear10_Shave20_proj2,EER_IRAlow_AI1_Nuclear10_Shave20_proj2,EER_IRAlow_AI1_Nuclear30_Shave20_proj2,EER_IRAlow_AI1_proj1,EER_IRAlow_AI2_proj1,EER_IRAlow_AI3_proj1,EER_IRAlow_AI4_proj1,EER_IRAlow_AI5_proj1,EER_IRAlow_AI6_proj1,EER_IRAlow_AI7_proj1,EER_IRAlow_AI8_proj1,EER_IRAlow_AI9_proj1,EER_IRAlow_AI1_proj2,EER_IRAlow_AI2_proj2,EER_IRAlow_AI3_proj2,EER_IRAlow_AI4_proj2,EER_IRAlow_AI5_proj2,EER_IRAlow_AI6_proj2,EER_IRAlow_AI7_proj2,EER_IRAlow_AI8_proj2,EER_IRAlow_AI9_proj2,EER_IRAlow_AI1_proj3,EER_IRAlow_AI2_proj3,EER_IRAlow_AI3_proj3,EER_IRAlow_AI4_proj3,EER_IRAlow_AI5_proj3,EER_IRAlow_AI6_proj3,EER_IRAlow_AI7_proj3,EER_IRAlow_AI8_proj3,EER_IRAlow_AI9_proj3,EER_IRAlow_AI1_wind25_proj2,EER_IRAlow_AI1_wind50_proj2,EER_IRAlow_AI1_solar25_proj2,EER_IRAlow_AI1_solar50_proj2,EER_IRAlow_AI1_wind25_solar25_proj2,EER_IRAlow_AI1_wind25_nuclear10_proj2,EER_IRAlow_AI1_solar25_nuclear10_proj2,EER_IRAlow_AI1_nuclear10_proj2,EER_IRAlow_AI1_nuclear30_proj2,EER_IRAlow_AI2_wind25_proj2,EER_IRAlow_AI2_wind50_proj2,EER_IRAlow_AI2_solar25_proj2,EER_IRAlow_AI2_solar50_proj2,EER_IRAlow_AI2_wind25_solar25_proj2,EER_IRAlow_AI2_wind25_nuclear10_proj2,EER_IRAlow_AI2_solar25_nuclear10_proj2,EER_IRAlow_AI2_nuclear10_proj2,EER_IRAlow_AI2_nuclear30_proj2,EER_IRAlow_AI3_wind25_proj2,EER_IRAlow_AI3_wind50_proj2,EER_IRAlow_AI3_solar25_proj2,EER_IRAlow_AI3_solar50_proj2,EER_IRAlow_AI3_wind25_solar25_proj2,EER_IRAlow_AI3_wind25_nuclear10_proj2,EER_IRAlow_AI3_solar25_nuclear10_proj2,EER_IRAlow_AI3_nuclear10_proj2,EER_IRAlow_AI3_nuclear30_proj2,EER_IRAlow_AI4_wind25_proj2,EER_IRAlow_AI4_wind50_proj2,EER_IRAlow_AI4_solar25_proj2,EER_IRAlow_AI4_solar50_proj2,EER_IRAlow_AI4_wind25_solar25_proj2,EER_IRAlow_AI4_wind25_nuclear10_proj2,EER_IRAlow_AI4_solar25_nuclear10_proj2,EER_IRAlow_AI4_nuclear10_proj2,EER_IRAlow_AI4_nuclear30_proj2,EER_IRAlow_AI5_wind25_proj2,EER_IRAlow_AI5_wind50_proj2,EER_IRAlow_AI5_solar25_proj2,EER_IRAlow_AI5_solar50_proj2,EER_IRAlow_AI5_wind25_solar25_proj2,EER_IRAlow_AI5_wind25_nuclear10_proj2,EER_IRAlow_AI5_solar25_nuclear10_proj2,EER_IRAlow_AI5_nuclear10_proj2,EER_IRAlow_AI5_nuclear30_proj2,EER_IRAlow_AI6_wind25_proj2,EER_IRAlow_AI6_wind50_proj2,EER_IRAlow_AI6_solar25_proj2,EER_IRAlow_AI6_solar50_proj2,EER_IRAlow_AI6_wind25_solar25_proj2,EER_IRAlow_AI6_wind25_nuclear10_proj2,EER_IRAlow_AI6_solar25_nuclear10_proj2,EER_IRAlow_AI6_nuclear10_proj2,EER_IRAlow_AI6_nuclear30_proj2,EER_IRAlow_AI7_wind25_proj2,EER_IRAlow_AI7_wind50_proj2,EER_IRAlow_AI7_solar25_proj2,EER_IRAlow_AI7_solar50_proj2,EER_IRAlow_AI7_wind25_solar25_proj2,EER_IRAlow_AI7_wind25_nuclear10_proj2,EER_IRAlow_AI7_solar25_nuclear10_proj2,EER_IRAlow_AI7_nuclear10_proj2,EER_IRAlow_AI7_nuclear30_proj2,EER_IRAlow_AI8_wind25_proj2,EER_IRAlow_AI8_wind50_proj2,EER_IRAlow_AI8_solar25_proj2,EER_IRAlow_AI8_solar50_proj2,EER_IRAlow_AI8_wind25_solar25_proj2,EER_IRAlow_AI8_wind25_nuclear10_proj2,EER_IRAlow_AI8_solar25_nuclear10_proj2,EER_IRAlow_AI8_nuclear10_proj2,EER_IRAlow_AI8_nuclear30_proj2,EER_IRAlow_AI9_wind25_proj2,EER_IRAlow_AI9_wind50_proj2,EER_IRAlow_AI9_solar25_proj2,EER_IRAlow_AI9_solar50_proj2,EER_IRAlow_AI9_wind25_solar25_proj2,EER_IRAlow_AI9_wind25_nuclear10_proj2,EER_IRAlow_AI9_solar25_nuclear10_proj2,EER_IRAlow_AI9_nuclear10_proj2,EER_IRAlow_AI9_nuclear30_proj2,EER_IRAlow_AI3_wind25_proj1,EER_IRAlow_AI3_wind50_proj1,EER_IRAlow_AI3_solar25_proj1,EER_IRAlow_AI3_solar50_proj1,EER_IRAlow_AI3_wind25_solar25_proj1,EER_IRAlow_AI3_wind25_nuclear10_proj1,EER_IRAlow_AI3_solar25_nuclear10_proj1,EER_IRAlow_AI3_nuclear10_proj1,EER_IRAlow_AI3_nuclear30_proj1,EER_IRAlow_AI5_wind25_proj1,EER_IRAlow_AI5_wind50_proj1,EER_IRAlow_AI5_solar25_proj1,EER_IRAlow_AI5_solar50_proj1,EER_IRAlow_AI5_wind25_solar25_proj1,EER_IRAlow_AI5_wind25_nuclear10_proj1,EER_IRAlow_AI5_solar25_nuclear10_proj1,EER_IRAlow_AI5_nuclear10_proj1,EER_IRAlow_AI5_nuclear30_proj1,EER_IRAlow_AI4_wind25_proj1,EER_IRAlow_AI4_wind50_proj1,EER_IRAlow_AI4_solar25_proj1,EER_IRAlow_AI4_solar50_proj1,EER_IRAlow_AI4_wind25_solar25_proj1,EER_IRAlow_AI4_wind25_nuclear10_proj1,EER_IRAlow_AI4_solar25_nuclear10_proj1,EER_IRAlow_AI4_nuclear10_proj1,EER_IRAlow_AI4_nuclear30_proj1,EER_IRAlow_AI6_wind25_proj1,EER_IRAlow_AI6_wind50_proj1,EER_IRAlow_AI6_solar25_proj1,EER_IRAlow_AI6_solar50_proj1,EER_IRAlow_AI6_wind25_solar25_proj1,EER_IRAlow_AI6_wind25_nuclear10_proj1,EER_IRAlow_AI6_solar25_nuclear10_proj1,EER_IRAlow_AI6_nuclear10_proj1,EER_IRAlow_AI6_nuclear30_proj1,EER_IRAlow_AI3_wind25_proj3,EER_IRAlow_AI3_wind50_proj3,EER_IRAlow_AI3_solar25_proj3,EER_IRAlow_AI3_solar50_proj3,EER_IRAlow_AI3_wind25_solar25_proj3,EER_IRAlow_AI3_wind25_nuclear10_proj3,EER_IRAlow_AI3_solar25_nuclear10_proj3,EER_IRAlow_AI3_nuclear10_proj3,EER_IRAlow_AI3_nuclear30_proj3,EER_IRAlow_AI6_wind25_proj3,EER_IRAlow_AI6_wind50_proj3,EER_IRAlow_AI6_solar25_proj3,EER_IRAlow_AI6_solar50_proj3,EER_IRAlow_AI6_wind25_solar25_proj3,EER_IRAlow_AI6_wind25_nuclear10_proj3,EER_IRAlow_AI6_solar25_nuclear10_proj3,EER_IRAlow_AI6_nuclear10_proj3,EER_IRAlow_AI6_nuclear30_proj3,EER_IRAlow_AI1_wind25_proj3,EER_IRAlow_AI1_wind50_proj3,EER_IRAlow_AI1_solar25_proj3,EER_IRAlow_AI1_solar50_proj3,EER_IRAlow_AI1_wind25_solar25_proj3,EER_IRAlow_AI1_wind25_nuclear10_proj3,EER_IRAlow_AI1_solar25_nuclear10_proj3,EER_IRAlow_AI1_nuclear10_proj3,EER_IRAlow_AI1_nuclear30_proj3
GSw_PRM_StressModel,,,,,,,,,,,,,,,,,,,,,,,,,,,,,,,,,,,,,,,,,,,,,,,,,,,,,,,,,,,,,,,,,,,,,,,,,,,,,,,,,,,,,,,,,,,,,,,,,,,,,,,,,,,,,,,,,,,,,,,,,,,,,,,,,,,,,,,,,,,,,,,,,,,,,,,,,,,,,,,,,,,,,,,,,,,,,,,,,,,,,,,,,,,,,,,,,,,,,,,,,,,,,,,,,,,,,,,,,,,,,,,,,,,
GSw_HourlyClusterAlgorithm,user_1,user_1,user_1,user_1,user_1,user_1,user_1,user_1,user_1,user_1,user_1,user_1,user_1,user_1,user_1,user_1,user_1,user_1,user_1,user_1,user_1,user_1,user_1,user_1,user_1,user_1,user_1,user_1,user_1,user_1,user_1,user_1,user_1,user_1,user_1,user_1,user_1,user_1,user_1,user_1,user_1,user_1,user_1,user_1,user_1,user_1,user_1,user_1,user_1,user_1,user_1,user_1,user_1,user_1,user_1,user_1,user_1,user_1,user_1,user_1,user_1,user_1,user_1,user_1,user_1,user_1,user_1,user_1,user_1,user_1,user_1,user_1,user_1,user_1,user_1,user_1,user_1,user_1,user_1,user_1,user_1,user_1,user_1,user_1,user_1,user_1,user_1,user_1,user_1,user_1,user_1,user_1,user_1,user_1,user_1,user_1,user_1,user_1,user_1,user_1,user_1,user_1,user_1,user_1,user_1,user_1,user_1,user_1,user_1,user_1,user_1,user_1,user_1,user_1,user_1,user_1,user_1,user_1,user_1,user_1,user_1,user_1,user_1,user_1,user_1,user_1,user_1,user_1,user_1,user_1,user_1,user_1,user_1,user_1,user_1,user_1,user_1,user_1,user_1,user_1,user_1,user_1,user_1,user_1,user_1,user_1,user_1,user_1,user_1,user_1,user_1,user_1,user_1,user_1,user_1,user_1,user_1,user_1,user_1,user_1,user_1,user_1,user_1,user_1,user_1,user_1,user_1,user_1,user_1,user_1,user_1,user_1,user_1,user_1,user_1,user_1,user_1,user_1,user_1,user_1,user_1,user_1,user_1,user_1,user_1,user_1,user_1,user_1,user_1,user_1,user_1,user_1,user_1,user_1,user_1,user_1,user_1,user_1,user_1,user_1,user_1,user_1,user_1,user_1,user_1,user_1,user_1,user_1,user_1,user_1,user_1,user_1,user_1,user_1,user_1,user_1,user_1,user_1,user_1,user_1,user_1,user_1,user_1,user_1,user_1,user_1,user_1
GSw_PRM_CapCredit,1,1,1,1,1,1,1,1,1,1,1,1,1,1,1,1,1,1,1,1,1,1,1,1,1,1,1,1,1,1,1,1,1,1,1,1,1,1,1,1,1,1,1,1,1,1,1,1,1,1,1,1,1,1,1,1,1,1,1,1,1,1,1,1,1,1,1,1,1,1,1,1,1,1,1,1,1,1,1,1,1,1,1,1,1,1,1,1,1,1,1,1,1,1,1,1,1,1,1,1,1,1,1,1,1,1,1,1,1,1,1,1,1,1,1,1,1,1,1,1,1,1,1,1,1,1,1,1,1,1,1,1,1,1,1,1,1,1,1,1,1,1,1,1,1,1,1,1,1,1,1,1,1,1,1,1,1,1,1,1,1,1,1,1,1,1,1,1,1,1,1,1,1,1,1,1,1,1,1,1,1,1,1,1,1,1,1,1,1,1,1,1,1,1,1,1,1,1,1,1,1,1,1,1,1,1,1,1,1,1,1,1,1,1,1,1,1,1,1,1,1,1,1,1,1,1,1
